DataID,OldID,N_RivID,Continent,Country,Ori_SR,SpeMatrix,RawSeq,Note,Year,Month,Primer,BarcodeRegion,BarcodeLength,SamVolume,SamReps,TotVolume,ReferDB
D001,Ref001,NR001;NR002;NR003,North_America,Canada,TRUE,TRUE,FALSE,V1,2013,10,PS1,COI,247,0.5,3.5,1.75,Custom_db
D002,Ref002,NR058;NR059;NR060;NR061,Asia,Sourth Korea,FALSE,FALSE,TRUE,V2,2018,6,MiFish,12S,170,0.25,4,1,Global_db
D003,Ref003,NR004,North_America,US,TRUE,TRUE,TRUE,V1,2013,7,mt-cytb,CytB,130,0.05,1,0.05,Global_db
D004,Ref004,NR005,South_America,Brasil,TRUE,TRUE,TRUE,V1,2017,2,MiFish,12S,170,1,3,3,Custom_db
D004,Ref004,NR005,South_America,Brasil,TRUE,TRUE,TRUE,V1,2017,3,MiFish,12S,170,1,3,3,Custom_db
D005,Ref005,NR006,Europe,France,TRUE,TRUE,TRUE,V3,2016,4,Teleo,12S,108,30,2,60,Custom_db
D006,Ref006,NR007;NR008;NR009;NR010'NR011,Asia,Japan,TRUE,TRUE,TRUE,V1,2016,10,MiFish,12S,170,1,2,2,Global_db
D007,Ref007,NR013;NR014;NR015,South_America,French Guiana,TRUE,TRUE,TRUE,V1,2014,11,Teleo,12S,108,50,1,50,Global_db
D008,Ref008,NR016,Europe,France,TRUE,TRUE,TRUE,V1,2014,9,Teleo,12S,108,45,4.5,202.5,Global_db
D009,Ref009,NR017,North_America,US,TRUE,TRUE,TRUE,V1,2018,7,12SV5,12S,130,0.05,36,1.8,Custom_db
D010,Ref010,NR018,Europe,UK,TRUE,TRUE,TRUE,V1,2016,5,12SV5,12S,130,0.05,6,0.3,Global_db
D010,Ref010,NR018,Europe,UK,TRUE,TRUE,TRUE,V1,2016,11,12SV5,12S,130,0.05,6,0.3,Global_db
D010,Ref010,NR018,Europe,UK,TRUE,TRUE,TRUE,V1,2017,7,12SV5,12S,130,0.05,6,0.3,Global_db
D011,Ref011,NR019,Europe,UK,TRUE,TRUE,TRUE,V1,2017,11,12SV5,12S,130,2,5,10,Custom_db
D012,Ref012,NR073;NR074;NR075;NR076;NR077;NR078,North_America,US,TRUE,TRUE,TRUE,V2,2017,10,12S 63F+64R,12S,198,3,6,18,Global_db
D013,Ref013,NR020;NR021,South_America,multiple,FALSE,FALSE,TRUE,V1,2017,10,Teleo,12S,108,34,2,68,Custom_db
D013,Ref013,NR020;NR021,South_America,multiple,FALSE,FALSE,TRUE,V1,2018,11,Teleo,12S,108,34,2,68,Custom_db
D014,Ref014,NR066,Europe,Switzerland,TRUE,TRUE,TRUE,V2,2016,6,COI,COI,313,0.25,3,0.75,Custom_db
D015,Ref016,NR062,Asia,Thailand,FALSE,FALSE,TRUE,V2,2016,11,MiFish,12S,170,0.1,6,0.6,Custom_db
D015,Ref016,NR062,Asia,Thailand,FALSE,FALSE,TRUE,V2,2016,11,Kelly,12S,106,0.1,6,0.6,Custom_db
D016,Ref017,NR079,North_America,US,TRUE,TRUE,TRUE,V2,2018,3,MiFish,12S,170,0.12,1,0.12,Global_db
D017,Ref018,0,Oceania,New Zealand,FALSE,FALSE,TRUE,V2,2018,1,MiFish,12S,170,0.6,3,1.8,Global_db
D018,Ref019,NR085,South_America,Brasil,FALSE,FALSE,TRUE,V2,2019,NA,MiFish,12S,170,1,6,6,Custom_db
D018,Ref019,NR085,South_America,Brasil,FALSE,FALSE,TRUE,V2,2020,NA,MiFish,12S,170,1,6,6,Custom_db
D019,Ref021,0,North_America,US,FALSE,FALSE,TRUE,V2,2018,6,12SV5,12S,130,0.3,12,3.6,Global_db
D020,Ref022,NR022,North_America,US,TRUE,TRUE,TRUE,V1,2015,8,12SV5,12S,130,0.3,3,0.9,Custom_db
D021,Ref023,NR023,Europe,Germany,TRUE,TRUE,TRUE,V1,2019,6,COI,COI,316,0.2,3,0.6,Global_db
D022,Ref024,NR096,Europe,Switzerland,TRUE,TRUE,TRUE,V2,2018,5,Kelly,12S,106,0.5,2,1,Global_db
D022,Ref024,NR096,Europe,Switzerland,TRUE,TRUE,TRUE,V2,2018,8,Kelly,12S,106,0.5,2,1,Global_db
D022,Ref024,NR096,Europe,Switzerland,TRUE,TRUE,TRUE,V2,2018,10,Kelly,12S,106,0.5,2,1,Global_db
D023,Ref025,NR024,Europe,France,TRUE,TRUE,TRUE,V1,NA,NA,Riaz,12S,230,1,3,3,Global_db
D024,CD32,NR086,South_America,Peru,TRUE,TRUE,TRUE,V2,2018,NA,MiFish,12S,170,0.25,3,0.75,Global_db
D025,CD27,NR080,North_America,US,FALSE,FALSE,TRUE,V2,2019,5,COI,COI,313,3,3,9,Global_db
D026,Ref030,NR025;NR026,North_America,US,TRUE,TRUE,TRUE,V1,2013,NA,AK12S,12S,200,2,1,2,Global_db
D026,Ref030,NR025;NR026,North_America,US,TRUE,TRUE,TRUE,V1,2013,NA,AK16S,16S,200,2,1,2,Global_db
D026,Ref030,NR025;NR026,North_America,US,TRUE,TRUE,TRUE,V1,2013,NA,AKCOIPro,COI,200,2,1,2,Global_db
D026,Ref030,NR025;NR026,North_America,US,TRUE,TRUE,TRUE,V1,2013,NA,AKCOISal,COI,200,2,1,2,Global_db
D026,Ref030,NR025;NR026,North_America,US,TRUE,TRUE,TRUE,V1,2012,NA,AK12S,12S,200,2,1,2,Global_db
D026,Ref030,NR025;NR026,North_America,US,TRUE,TRUE,TRUE,V1,2012,NA,AK16S,16S,200,2,1,2,Global_db
D026,Ref030,NR025;NR026,North_America,US,TRUE,TRUE,TRUE,V1,2012,NA,AKCOIPro,COI,200,2,1,2,Global_db
D026,Ref030,NR025;NR026,North_America,US,TRUE,TRUE,TRUE,V1,2012,NA,AKCOISal,COI,200,2,1,2,Global_db
D026,Ref030,NR025;NR026,North_America,US,TRUE,TRUE,TRUE,V1,2014,NA,AK12S,12S,200,2,1,2,Global_db
D026,Ref030,NR025;NR026,North_America,US,TRUE,TRUE,TRUE,V1,2014,NA,AK16S,16S,200,2,1,2,Global_db
D026,Ref030,NR025;NR026,North_America,US,TRUE,TRUE,TRUE,V1,2014,NA,AKCOIPro,COI,200,2,1,2,Global_db
D026,Ref030,NR025;NR026,North_America,US,TRUE,TRUE,TRUE,V1,2014,NA,AKCOISal,COI,200,2,1,2,Global_db
D026,Ref030,NR025;NR026,North_America,US,TRUE,TRUE,TRUE,V1,2015,NA,AK12S,12S,200,2,1,2,Global_db
D026,Ref030,NR025;NR026,North_America,US,TRUE,TRUE,TRUE,V1,2015,NA,AK16S,16S,200,2,1,2,Global_db
D026,Ref030,NR025;NR026,North_America,US,TRUE,TRUE,TRUE,V1,2015,NA,AKCOIPro,COI,200,2,1,2,Global_db
D026,Ref030,NR025;NR026,North_America,US,TRUE,TRUE,TRUE,V1,2015,NA,AKCOISal,COI,200,2,1,2,Global_db
D027,Ref031,NR027,Europe,Russia,TRUE,TRUE,TRUE,V1,2017,8,Ac12S,12S,385,0.25,6,1.5,Custom_db
D027,Ref031,NR027,Europe,Russia,TRUE,TRUE,TRUE,V1,2017,8,Ac16S,16S,330,0.25,6,1.5,Custom_db
D027,Ref031,NR027,Europe,Russia,TRUE,TRUE,TRUE,V1,2017,8,L14912/H15149c,CytB,413,0.25,6,1.5,Custom_db
D028,Ref033,0,Asia,Japan,TRUE,TRUE,TRUE,V2,2017,6,MiFish,12S,170,0.4,5,2,Global_db
D028,Ref033,0,Asia,Japan,TRUE,TRUE,TRUE,V2,2017,9,MiFish,12S,170,0.4,5,2,Global_db
D028,Ref033,0,Asia,Japan,TRUE,TRUE,TRUE,V2,2017,12,MiFish,12S,170,0.4,5,2,Global_db
D028,Ref033,0,Asia,Japan,TRUE,TRUE,TRUE,V2,2018,4,MiFish,12S,170,0.4,5,2,Global_db
D029,Ref034,NR028,Asia,Japan,TRUE,TRUE,FALSE,V1,2017,8,MiFish,12S,170,0.7,1,0.7,Global_db
D030,Ref035,NR092,Oceania,Australia,TRUE,TRUE,FALSE,V2,2013,4,12SV5,12S,130,1,1,1,Global_db
D030,Ref035,NR092,Oceania,Australia,TRUE,TRUE,FALSE,V2,2013,4,16S,16S,100,1,1,1,Global_db
D031,Ref036,NR029;NR030;NR031;NR032;NR033;NR034;NR035;NR036;NR037;NR038;NR039,Asia,Japan,TRUE,TRUE,FALSE,V1,2014,9,MiFish,12S,170,1,1,1,Global_db
D032,Ref037,NR040,Europe,France,TRUE,TRUE,FALSE,V1,2017,7,Teleo,12S,108,30,2,60,Custom_db
D032,Ref037,NR040,Europe,France,TRUE,TRUE,FALSE,V1,2018,7,Teleo,12S,108,30,2,60,Custom_db
D033,Ref038,NR041,Europe,France,TRUE,TRUE,FALSE,V1,Multiple,Multiple,Teleo,12S,108,30,3,90,Custom_db
D034,Ref039,0,Oceania,Australia,TRUE,TRUE,FALSE,V2,2018,NA,AcMDB07,12S,320,1,12,12,Global_db
D035,Ref040,NR042,South_America,Colombia,TRUE,TRUE,FALSE,V1,2019,7,12SV5,12S,130,42.33,7,296.31,Global_db
D036,Ref042,NR043;NR044;NR045;NR046;NR047,Oceania,New Zealand,TRUE,TRUE,FALSE,V1,2020,NA,SynShort,16S,80,1,3,3,Global_db
D037,Ref043,NR048,Asia,Japan,TRUE,TRUE,FALSE,V1,2018,10,MiFish,12S,170,0.9,1,0.9,Global_db
D037,Ref043,NR048,Asia,Japan,TRUE,TRUE,FALSE,V1,2018,11,MiFish,12S,170,0.9,1,0.9,Global_db
D037,Ref043,NR048,Asia,Japan,TRUE,TRUE,FALSE,V1,2018,12,MiFish,12S,170,0.9,1,0.9,Global_db
D037,Ref043,NR048,Asia,Japan,TRUE,TRUE,FALSE,V1,2019,1,MiFish,12S,170,0.9,1,0.9,Global_db
D037,Ref043,NR048,Asia,Japan,TRUE,TRUE,FALSE,V1,2019,2,MiFish,12S,170,0.9,1,0.9,Global_db
D037,Ref043,NR048,Asia,Japan,TRUE,TRUE,FALSE,V1,2019,3,MiFish,12S,170,0.9,1,0.9,Global_db
D037,Ref043,NR048,Asia,Japan,TRUE,TRUE,FALSE,V1,2019,4,MiFish,12S,170,0.9,1,0.9,Global_db
D037,Ref043,NR048,Asia,Japan,TRUE,TRUE,FALSE,V1,2019,5,MiFish,12S,170,0.9,1,0.9,Global_db
D037,Ref043,NR048,Asia,Japan,TRUE,TRUE,FALSE,V1,2019,6,MiFish,12S,170,0.9,1,0.9,Global_db
D037,Ref043,NR048,Asia,Japan,TRUE,TRUE,FALSE,V1,2019,7,MiFish,12S,170,0.9,1,0.9,Global_db
D037,Ref043,NR048,Asia,Japan,TRUE,TRUE,FALSE,V1,2019,8,MiFish,12S,170,0.9,1,0.9,Global_db
D038,Ref044,NR049,Asia,Malaysia,TRUE,TRUE,FALSE,V1,2018,2,MiFish,12S,170,1,1,1,Global_db
D038,Ref044,NR049,Asia,Malaysia,TRUE,TRUE,FALSE,V1,2018,2,COI,COI,313,1,1,1,Global_db
D039,Ref045,NR050,Europe,multiple,TRUE,FALSE,FALSE,V1,2019,7,Teleo,12S,108,28.73,2,57.46,Custom_db
D040,Ref046,NR051,Asia,China,TRUE,TRUE,TRUE,V1,2021,6,12SV5,12S,130,2,1,2,Global_db
D041,Ref047,NR052,Asia,4 countries,TRUE,TRUE,FALSE,V1,2019,8,MiFish; 12SV5,12S,170,1.75,3.5,6.125,Custom_db
D042,Ref048,NR087;NR088;NR089;NR090;NR091,South_America,French Guiana,TRUE,FALSE,FALSE,V2,2016,11,Teleo,12S,108,34,10,340,Custom_db
D043,Ref049,NR053,South_America,multiple,TRUE,FALSE,FALSE,V1,2017,7,MiFish,12S,170,10,3,30,Global_db
D044,Ref050,NR054;NR055;NR056;NR057,Asia,China,TRUE,TRUE,FALSE,V1,2018,5,Ac12S,12S,390,1,3,3,Global_db
D045,CD01,NR063,Asia,China,TRUE,TRUE,FALSE,V2,2022,10,Teleo2,12S,170,3,6,18,Global_db
D046,CD02,NR064,Asia,China,TRUE,TRUE,TRUE,V2,2019,10,MiFish,12S,170,2,3,6,Global_db
D046,CD02,NR064,Asia,China,TRUE,TRUE,TRUE,V2,2019,4,MiFish,12S,170,2,3,6,Global_db
D047,CD04,NR081,North_America,US,TRUE,TRUE,TRUE,V2,2021,3,Riaz,12S,230,3,2,6,Custom_db
D048,CD05,NR093,Oceania,Australia,TRUE,TRUE,TRUE,V2,2018,5,MiFish,12S,170,1,10,10,Global_db
D048,CD05,NR093,Oceania,Australia,TRUE,TRUE,TRUE,V2,2018,5,SynLong,16S,200,1,10,10,Global_db
D048,CD05,NR093,Oceania,Australia,TRUE,TRUE,TRUE,V2,2018,5,SynShort,16S,80,1,10,10,Global_db
D048,CD05,NR093,Oceania,Australia,TRUE,TRUE,TRUE,V2,2018,5,16S,16S,200,1,10,10,Global_db
D049,CD06,NR067,Europe,Italy,TRUE,TRUE,TRUE,V2,2019,9,teleo2,12S,170,1,2,2,Global_db
D049,CD06,NR067,Europe,Italy,TRUE,TRUE,TRUE,V2,2020,1,teleo2,12S,170,1,2,2,Global_db
D050,CD07,NR082,North_America,US,TRUE,TRUE,TRUE,V3,2018,8,Ac16S,16S,330,0.25,3,0.75,Global_db
D050,CD07,NR082,North_America,US,TRUE,TRUE,TRUE,V3,2018,10,Ac16S,16S,330,0.25,3,0.75,Global_db
D050,CD07,NR082,North_America,US,TRUE,TRUE,TRUE,V3,2018,7,Ac16S,16S,330,0.25,3,0.75,Global_db
D050,CD07,NR082,North_America,US,TRUE,TRUE,TRUE,V3,2018,8,Am12S,12S,241,0.25,3,0.75,Global_db
D050,CD07,NR082,North_America,US,TRUE,TRUE,TRUE,V3,2018,10,Am12S,12S,241,0.25,3,0.75,Global_db
D050,CD07,NR082,North_America,US,TRUE,TRUE,TRUE,V3,2018,7,Am12S,12S,241,0.25,3,0.75,Global_db
D051,CD09,NR068,Europe,Germany,TRUE,TRUE,TRUE,V2,2020,9,Teleo2,12S,170,1,1.5,1.5,Global_db
D051,CD09,NR068,Europe,Germany,TRUE,TRUE,TRUE,V2,2021,3,Teleo2,12S,170,1,1.5,1.5,Global_db
D052,CD13,NR069;NR070;NR071;NR072,Europe,Switzerland,TRUE,TRUE,TRUE,V2,2019,9,MiFish,12S,170,0.5,4,2,Custom_db
D053,CD18,NR065,Asia,Japan,TRUE,TRUE,TRUE,V2,2023,8,MiFish,12S,170,400,1,400,Global_db
D054,CD22,NR083;NR084,North_America,US,TRUE,TRUE,TRUE,V2,multiple,multiple,MiFish,12S,170,0.35,1,0.35,Custom_db
D055,CD23,NR094,Oceania,Australia,TRUE,TRUE,TRUE,V2,2021,3,MiFish,12S,170,2,4,8,Custom_db
D056,CD25,NR095,Africa,Madagascar,TRUE,TRUE,TRUE,V2,2021,11,Riaz,12S,230,0.56,3,1.68,Global_db
D056,CD25,NR095,Africa,Madagascar,TRUE,TRUE,TRUE,V2,2021,11,MiFish,12S,170,0.56,3,1.68,Global_db
D056,CD25,NR095,Africa,Madagascar,TRUE,TRUE,TRUE,V2,2021,11,Teleo2,12S,170,0.56,3,1.68,Global_db
D057,CD30,NR104;NR105;NR106;NR107;NR108;NR109;NR110;NR111;NR112,North_America,Panama,TRUE,TRUE,TRUE,V3,2022,8,MiFish,12S,170,2,1,2,Global_db
D058,CD37,NR096;NR097,Europe,Spain,TRUE,TRUE,TRUE,V3,2019,8,BF2/BR2,COI,421,1,5,5,Global_db
D059,CD39,NR100,South_America,Columbia,TRUE,TRUE,TRUE,V3,2018,10,Chon01,12S,83,30,2,60,Custom_db
D059,CD39,NR100,South_America,Columbia,TRUE,TRUE,TRUE,V3,2018,10,Teleo,12S,108,30,2,60,Custom_db
D059,CD39,NR100,South_America,Columbia,TRUE,TRUE,TRUE,V3,2018,10,Vert01,12S,99,30,2,60,Custom_db
D060,CD40,NR098;NR099,Europe,Switzerland,TRUE,TRUE,TRUE,V3,2020,6,Vert01,12S,99,30,3,90,Global_db
D061,CD41,NR101,Asia,China,TRUE,TRUE,FALSE,V3,2019,11,Tele02,12S,170,0.3,3,0.9,Global_db
D062,CD42,NR102;NR103,Asia,China,TRUE,TRUE,TRUE,V3,2022,10,Tele02,12S,170,3,3,9,Global_db
