DataID,OldID,N_RivID,Continent,Country,Ori_SR,SpeMatrix,RawSeq,Year,Month,Primer,BarcodeRegion,BarcodeLength,SamVolume,SamReps,TotVolume,,ReferDB,RawSeqID,ReAssigned
D001,Ref001,NR001;NR002;NR003,North_America,Canada,TRUE,TRUE,FALSE,2013,10,PS1,COI,247,0.5,3.5,1.75,D001PS1,Custom_db,,
D002,Ref002,NR058;NR059;NR060;NR061,Asia,Sourth Korea,FALSE,FALSE,TRUE,2018,6,MiFish,12S,170,0.25,4,1,D002MiFish,Global_db,RS001,yes
D003,Ref003,NR004,North_America,US,TRUE,TRUE,TRUE,2013,7,Cytb02,CytB,130,0.05,1,0.05,D003Cytb02,Global_db,RS048,yes
D004,Ref004,NR005,South_America,Brasil,TRUE,TRUE,TRUE,2017,2,MiFish,12S,170,1,3,3,D004MiFish,Custom_db,RS007,yes
D004,Ref004,NR005,South_America,Brasil,TRUE,TRUE,TRUE,2017,3,MiFish,12S,170,1,3,3,D004MiFish,Custom_db,RS007,yes
D005,Ref005,NR006,Europe,France,TRUE,TRUE,TRUE,2016,4,Teleo,12S,108,30,2,60,D005Teleo,Custom_db,RS014,yes
D006,Ref006,NR007;NR008;NR009;NR010'NR011,Asia,Japan,TRUE,TRUE,TRUE,2016,10,MiFish,12S,170,1,2,2,D006MiFish,Global_db,RS002,yes
D007,Ref007,NR013;NR014;NR015,South_America,French Guiana,TRUE,TRUE,FALSE,2014,11,Teleo,12S,108,50,1,50,D007Teleo,Global_db,,
D008,Ref008,NR016,Europe,France,TRUE,TRUE,TRUE,2014,9,Teleo,12S,108,45,4.5,202.5,D008Teleo,Global_db,RS016,yes
D009,Ref009,NR017,North_America,US,TRUE,TRUE,TRUE,2018,7,Riaz01,12S,130,0.05,36,1.8,D009Riaz01,Custom_db,RS024,yes
D010,Ref010,NR018,Europe,UK,TRUE,TRUE,TRUE,2016,5,Riaz01,12S,130,0.05,6,0.3,D010Riaz01,Global_db,RS025,yes
D010,Ref010,NR018,Europe,UK,TRUE,TRUE,TRUE,2016,11,Riaz01,12S,130,0.05,6,0.3,D010Riaz01,Global_db,RS025,yes
D010,Ref010,NR018,Europe,UK,TRUE,TRUE,TRUE,2017,7,Riaz01,12S,130,0.05,6,0.3,D010Riaz01,Global_db,RS025,yes
D011,Ref011,NR019,Europe,UK,TRUE,TRUE,TRUE,2017,11,Riaz01,12S,130,2,5,10,D011Riaz01,Custom_db,RS026,yes
D012,Ref012,NR073;NR074;NR075;NR076;NR077;NR078,North_America,US,TRUE,TRUE,TRUE,2017,10,A12S,12S,198,3,6,18,D012A12S,Global_db,RS035,yes
D013,Ref013,NR020;NR021,South_America,multiple,FALSE,FALSE,TRUE,2017,10,Teleo,12S,108,34,2,68,D013Teleo,Custom_db,RS017,yes
D013,Ref013,NR020;NR021,South_America,multiple,FALSE,FALSE,TRUE,2018,11,Teleo,12S,108,34,2,68,D013Teleo,Custom_db,RS017,yes
D014,Ref014,NR066,Europe,Switzerland,TRUE,TRUE,TRUE,2016,6,COI313,COI,313,0.25,3,0.75,D014COI313,Custom_db,RS046,yes
D015,Ref016,NR062,Asia,Thailand,FALSE,FALSE,TRUE,2016,11,MiFish,12S,170,0.1,6,0.6,D015MiFish,Custom_db,RS003,yes
D016,Ref017,NR079,North_America,US,TRUE,TRUE,TRUE,2018,3,MiFish,12S,170,0.12,1,0.12,D016MiFish,Global_db,RS004,yes
D018,Ref019,NR085,South_America,Brasil,FALSE,FALSE,TRUE,2019,NA,MiFish,12S,170,1,6,6,D018MiFish,Custom_db,RS005,yes
D018,Ref019,NR085,South_America,Brasil,FALSE,FALSE,TRUE,2020,NA,MiFish,12S,170,1,6,6,D018MiFish,Custom_db,RS005,yes
D020,Ref022,NR022,North_America,US,TRUE,TRUE,TRUE,2015,8,Riaz03,12S,130,0.3,3,0.9,D020Riaz03,Custom_db,RS027,yes
D021,Ref023,NR023,Europe,Germany,TRUE,TRUE,TRUE,2019,6,COI313,COI,316,0.2,3,0.6,D021COI313,Global_db,RS006,yes
D022,Ref024,NR096,Europe,Switzerland,TRUE,TRUE,TRUE,2018,5,Riaz01,12S,106,0.5,2,1,D022Riaz01,Global_db,RS031,yes
D022,Ref024,NR096,Europe,Switzerland,TRUE,TRUE,TRUE,2018,8,Riaz01,12S,106,0.5,2,1,D022Riaz01,Global_db,RS031,yes
D022,Ref024,NR096,Europe,Switzerland,TRUE,TRUE,TRUE,2018,10,Riaz01,12S,106,0.5,2,1,D022Riaz01,Global_db,RS031,yes
D023,Ref025,NR024,Europe,France,TRUE,TRUE,FALSE,NA,NA,Riaz01,12S,230,1,3,3,D023Riaz01,Global_db,RS018,no
D024,CD32,NR086,South_America,Peru,TRUE,TRUE,TRUE,2018,NA,MiFish,12S,170,0.25,3,0.75,D024MiFish,Global_db,RS008,yes
D025,CD27,NR080,North_America,US,FALSE,FALSE,TRUE,2019,5,COI313,COI,313,3,3,9,D025COI313,Global_db,RS042,yes
D026,Ref030,NR025;NR026,North_America,US,TRUE,TRUE,TRUE,2013,NA,AK12S,12S,200,2,1,2,D026AK12S,Global_db,RS033,yes
D026,Ref030,NR025;NR026,North_America,US,TRUE,TRUE,TRUE,2012,NA,AK12S,12S,200,2,1,2,D026AK12S,Global_db,RS033,yes
D026,Ref030,NR025;NR026,North_America,US,TRUE,TRUE,TRUE,2014,NA,AK12S,12S,200,2,1,2,D026AK12S,Global_db,RS033,yes
D026,Ref030,NR025;NR026,North_America,US,TRUE,TRUE,TRUE,2015,NA,AK12S,12S,200,2,1,2,D026AK12S,Global_db,RS033,yes
D026,Ref030,NR025;NR026,North_America,US,TRUE,TRUE,TRUE,2013,NA,AK16S,16S,200,2,1,2,D026AK16S,Global_db,RS041,yes
D026,Ref030,NR025;NR026,North_America,US,TRUE,TRUE,TRUE,2012,NA,AK16S,16S,200,2,1,2,D026AK16S,Global_db,RS041,yes
D026,Ref030,NR025;NR026,North_America,US,TRUE,TRUE,TRUE,2014,NA,AK16S,16S,200,2,1,2,D026AK16S,Global_db,RS041,yes
D026,Ref030,NR025;NR026,North_America,US,TRUE,TRUE,TRUE,2015,NA,AK16S,16S,200,2,1,2,D026AK16S,Global_db,RS041,yes
D026,Ref030,NR025;NR026,North_America,US,TRUE,TRUE,TRUE,2013,NA,AKCOIPro,COI,200,2,1,2,D026AKCOIPro,Global_db,RS044,yes
D026,Ref030,NR025;NR026,North_America,US,TRUE,TRUE,TRUE,2012,NA,AKCOIPro,COI,200,2,1,2,D026AKCOIPro,Global_db,RS044,yes
D026,Ref030,NR025;NR026,North_America,US,TRUE,TRUE,TRUE,2014,NA,AKCOIPro,COI,200,2,1,2,D026AKCOIPro,Global_db,RS044,yes
D026,Ref030,NR025;NR026,North_America,US,TRUE,TRUE,TRUE,2015,NA,AKCOIPro,COI,200,2,1,2,D026AKCOIPro,Global_db,RS044,yes
D026,Ref030,NR025;NR026,North_America,US,TRUE,TRUE,TRUE,2013,NA,AKCOISal,COI,200,2,1,2,D026AKCOISal,Global_db,RS045,yes
D026,Ref030,NR025;NR026,North_America,US,TRUE,TRUE,TRUE,2012,NA,AKCOISal,COI,200,2,1,2,D026AKCOISal,Global_db,RS045,yes
D026,Ref030,NR025;NR026,North_America,US,TRUE,TRUE,TRUE,2014,NA,AKCOISal,COI,200,2,1,2,D026AKCOISal,Global_db,RS045,yes
D026,Ref030,NR025;NR026,North_America,US,TRUE,TRUE,TRUE,2015,NA,AKCOISal,COI,200,2,1,2,D026AKCOISal,Global_db,RS045,yes
D027,Ref031,NR027,Europe,Russia,TRUE,TRUE,FALSE,2017,8,Ac12S,12S,385,0.25,6,1.5,D027Ac12S,Custom_db,RS032,no
D027,Ref031,NR027,Europe,Russia,TRUE,TRUE,FALSE,2017,8,Ac16S,16S,330,0.25,6,1.5,D027Ac16S,Custom_db,RS036,no
D027,Ref031,NR027,Europe,Russia,TRUE,TRUE,FALSE,2017,8,Cytb01,CytB,413,0.25,6,1.5,D027Cytb01,Custom_db,RS047,no
D029,Ref034,NR028,Asia,Japan,TRUE,TRUE,FALSE,2017,8,MiFish,12S,170,0.7,1,0.7,D029MiFish,Global_db,,
D030,Ref035,NR092,Oceania,Australia,TRUE,TRUE,FALSE,2013,4,Riaz01,12S,130,1,1,1,D030Riaz01,Global_db,,
D030,Ref035,NR092,Oceania,Australia,TRUE,TRUE,FALSE,2013,4,V16S01,16S,100,1,1,1,D030V16S01,Global_db,,
D031,Ref036,NR029;NR030;NR031;NR032;NR033;NR034;NR035;NR036;NR037;NR038;NR039,Asia,Japan,TRUE,TRUE,FALSE,2014,9,MiFish,12S,170,1,1,1,D031MiFish,Global_db,,
D032,Ref037,NR040,Europe,France,TRUE,TRUE,FALSE,2017,7,Teleo,12S,108,30,2,60,D032Teleo,Custom_db,,
D032,Ref037,NR040,Europe,France,TRUE,TRUE,FALSE,2018,7,Teleo,12S,108,30,2,60,D032Teleo,Custom_db,,
D033,Ref038,NR041,Europe,France,TRUE,TRUE,FALSE,2016,NA,Teleo,12S,108,30,3,90,D033Teleo,Custom_db,,
D035,Ref040,NR042,South_America,Colombia,TRUE,TRUE,FALSE,2019,7,Riaz01,12S,130,42.33,7,296.31,D035Riaz01,Global_db,,
D036,Ref042,NR043;NR044;NR045;NR046;NR047,Oceania,New Zealand,TRUE,TRUE,FALSE,2020,NA,V16S03,16S,80,1,3,3,D036V16S03,Global_db,,
D037,Ref043,NR048,Asia,Japan,TRUE,TRUE,FALSE,2018,10,MiFish,12S,170,0.9,1,0.9,D037MiFish,Global_db,,
D037,Ref043,NR048,Asia,Japan,TRUE,TRUE,FALSE,2018,11,MiFish,12S,170,0.9,1,0.9,D037MiFish,Global_db,,
D037,Ref043,NR048,Asia,Japan,TRUE,TRUE,FALSE,2018,12,MiFish,12S,170,0.9,1,0.9,D037MiFish,Global_db,,
D037,Ref043,NR048,Asia,Japan,TRUE,TRUE,FALSE,2019,1,MiFish,12S,170,0.9,1,0.9,D037MiFish,Global_db,,
D037,Ref043,NR048,Asia,Japan,TRUE,TRUE,FALSE,2019,2,MiFish,12S,170,0.9,1,0.9,D037MiFish,Global_db,,
D037,Ref043,NR048,Asia,Japan,TRUE,TRUE,FALSE,2019,3,MiFish,12S,170,0.9,1,0.9,D037MiFish,Global_db,,
D037,Ref043,NR048,Asia,Japan,TRUE,TRUE,FALSE,2019,4,MiFish,12S,170,0.9,1,0.9,D037MiFish,Global_db,,
D037,Ref043,NR048,Asia,Japan,TRUE,TRUE,FALSE,2019,5,MiFish,12S,170,0.9,1,0.9,D037MiFish,Global_db,,
D037,Ref043,NR048,Asia,Japan,TRUE,TRUE,FALSE,2019,6,MiFish,12S,170,0.9,1,0.9,D037MiFish,Global_db,,
D037,Ref043,NR048,Asia,Japan,TRUE,TRUE,FALSE,2019,7,MiFish,12S,170,0.9,1,0.9,D037MiFish,Global_db,,
D037,Ref043,NR048,Asia,Japan,TRUE,TRUE,FALSE,2019,8,MiFish,12S,170,0.9,1,0.9,D037MiFish,Global_db,,
D038,Ref044,NR049,Asia,Malaysia,TRUE,TRUE,FALSE,2018,2,COI313,COI,313,1,1,1,D038COI313,Global_db,,
D038,Ref044,NR049,Asia,Malaysia,TRUE,TRUE,FALSE,2018,2,MiFish,12S,170,1,1,1,D038MiFish,Global_db,,
D039,Ref045,NR050,Europe,multiple,TRUE,FALSE,TRUE,2019,7,Teleo,12S,108,28.73,2,57.46,D039Teleo,Custom_db,RS019,yes
D040,Ref046,NR051,Asia,China,TRUE,TRUE,FALSE,2021,6,Riaz01,12S,130,2,1,2,D040Riaz01,Global_db,,
D041,Ref047,NR052,Asia,4 countries,TRUE,TRUE,FALSE,2019,8,MiFish,12S,170,1.75,3.5,6.125,D041MiFish,Custom_db,,
D042,Ref048,NR087;NR088;NR089;NR090;NR091,South_America,French Guiana,TRUE,FALSE,FALSE,2016,11,Teleo,12S,108,34,10,340,D042Teleo,Custom_db,,
D043,Ref049,NR053,South_America,multiple,TRUE,FALSE,FALSE,2017,7,MiFish,12S,170,10,3,30,D043MiFish,Global_db,,
D044,Ref050,NR054;NR055;NR056;NR057,Asia,China,TRUE,TRUE,FALSE,2018,5,Ac12S,12S,390,1,3,3,D044Ac12S,Global_db,,
D045,CD01,NR063,Asia,China,TRUE,TRUE,TRUE,2022,10,Tele02,12S,170,3,6,18,D045Tele02,Global_db,RS020,yes
D046,CD02,NR064,Asia,China,TRUE,TRUE,TRUE,2019,10,MiFish,12S,170,2,3,6,D046MiFish,Global_db,RS013,yes
D046,CD02,NR064,Asia,China,TRUE,TRUE,TRUE,2019,4,MiFish,12S,170,2,3,6,D046MiFish,Global_db,RS013,yes
D047,CD04,NR081,North_America,US,TRUE,TRUE,TRUE,2021,3,Riaz01,12S,230,3,2,6,D047Riaz01,Custom_db,RS028,yes-nofish
D048,CD05,NR093,Oceania,Australia,TRUE,TRUE,TRUE,2018,5,MiFish,12S,170,1,10,10,D048MiFish,Global_db,RS009,yes
D048,CD05,NR093,Oceania,Australia,TRUE,TRUE,TRUE,2018,5,V16S01,16S,200,1,10,10,D048V16S01,Global_db,RS038,yes
D048,CD05,NR093,Oceania,Australia,TRUE,TRUE,TRUE,2018,5,V16S02,16S,200,1,10,10,D048V16S02,Global_db,RS039,yes-nolocalfish
D048,CD05,NR093,Oceania,Australia,TRUE,TRUE,TRUE,2018,5,V16S03,16S,80,1,10,10,D048V16S03,Global_db,RS040,yes
D049,CD06,NR067,Europe,Italy,TRUE,TRUE,TRUE,2019,9,Tele02,12S,170,1,2,2,D049Tele02,Global_db,RS021,no
D049,CD06,NR067,Europe,Italy,TRUE,TRUE,TRUE,2020,1,Tele02,12S,170,1,2,2,D049Tele02,Global_db,RS021,no
D050,CD07,NR082,North_America,US,TRUE,TRUE,TRUE,2018,8,Am12S,12S,241,0.25,3,0.75,D050Am12S,Global_db,RS034,yes
D050,CD07,NR082,North_America,US,TRUE,TRUE,TRUE,2018,10,Am12S,12S,241,0.25,3,0.75,D050Am12S,Global_db,RS034,yes
D050,CD07,NR082,North_America,US,TRUE,TRUE,TRUE,2018,7,Am12S,12S,241,0.25,3,0.75,D050Am12S,Global_db,RS034,yes
D050,CD07,NR082,North_America,US,TRUE,TRUE,TRUE,2018,8,Ac16S,16S,330,0.25,3,0.75,D050Ac16S,Global_db,RS037,yes
D050,CD07,NR082,North_America,US,TRUE,TRUE,TRUE,2018,10,Ac16S,16S,330,0.25,3,0.75,D050Ac16S,Global_db,RS037,yes
D050,CD07,NR082,North_America,US,TRUE,TRUE,TRUE,2018,7,Ac16S,16S,330,0.25,3,0.75,D050Ac16S,Global_db,RS037,yes
D051,CD09,NR068,Europe,Germany,TRUE,TRUE,TRUE,2020,9,Tele02,12S,170,1,1.5,1.5,D051Tele02,Global_db,RS022,no
D051,CD09,NR068,Europe,Germany,TRUE,TRUE,TRUE,2021,3,Tele02,12S,170,1,1.5,1.5,D051Tele02,Global_db,RS022,no
D052,CD13,NR069;NR070;NR071;NR072,Europe,Switzerland,TRUE,TRUE,TRUE,2019,9,MiFish,12S,170,0.5,4,2,D052MiFish,Custom_db,RS010,yes
D053,CD18,NR065,Asia,Japan,TRUE,TRUE,TRUE,2023,8,MiFish,12S,170,400,1,400,D053MiFish,Global_db,RS011,yes
D054,CD22,NR083;NR084,North_America,US,TRUE,TRUE,TRUE,2022,NA,MiFish,12S,170,0.35,1,0.35,D054MiFish,Custom_db,RS049,yes
D055,CD23,NR094,Oceania,Australia,TRUE,TRUE,TRUE,2021,3,MiFish,12S,170,2,4,8,D055MiFish,Custom_db,RS050,yes
D056,CD25,NR095,Africa,Madagascar,TRUE,TRUE,TRUE,2021,11,MiFish,12S,170,0.56,3,1.68,D056MiFish,Global_db,RS012,yes
D056,CD25,NR095,Africa,Madagascar,TRUE,TRUE,TRUE,2021,11,Tele02,12S,170,0.56,3,1.68,D056Tele02,Global_db,RS023,yes
D056,CD25,NR095,Africa,Madagascar,TRUE,TRUE,TRUE,2021,11,Riaz02,12S,230,0.56,3,1.68,D056Riaz02,Global_db,RS029,yes-nofish
D057,CD30,NR104;NR105;NR106;NR107;NR108;NR109;NR110;NR111;NR112,North_America,Panama,TRUE,TRUE,TRUE,2022,8,MiFish,12S,170,2,1,2,D057MiFish,Global_db,RS051,yes
D058,CD37,NR096;NR097,Europe,Spain,TRUE,TRUE,TRUE,2019,8,BCOI,COI,421,1.5,1,1.5,D058BCOI,Global_db,RS052,yes
D059,CD39,NR100,South_America,Columbia,TRUE,TRUE,TRUE,2018,10,Chon01,12S,83,30,2,60,D059Chon01,Custom_db,RS053,yes-nolocalfish
D059,CD39,NR100,South_America,Columbia,TRUE,TRUE,TRUE,2018,10,Teleo,12S,108,30,2,60,D059Teleo,Custom_db,RS054,yes
D059,CD39,NR100,South_America,Columbia,TRUE,TRUE,TRUE,2018,10,Riaz03,12S,99,30,2,60,D059Riaz03,Custom_db,RS055,yes
D060,CD40,NR098;NR099,Europe,Switzerland,TRUE,TRUE,TRUE,2020,6,Riaz03,12S,99,30,3,90,D060Riaz03,Global_db,RS056,yes
D061,CD41,NR101,Asia,China,TRUE,TRUE,FALSE,2019,11,Tele02,12S,170,0.3,3,0.9,D061Tele02,Global_db,,
D062,CD42,NR102;NR103,Asia,China,TRUE,TRUE,TRUE,2022,10,Tele02,12S,170,3,3,9,D062Tele02,Global_db,RS057,yes
